entity_id,state,last_changed,current_temperature,hvac_action,target_temp_high,target_temp_low,temperature
climate.pool_house,heat_cool,2026-03-11T04:00:00.000Z,72.3,cooling,72,66,
climate.pool_house,heat_cool,2026-03-11T04:01:53.453Z,72.2,cooling,72,66,
climate.pool_house,heat_cool,2026-03-11T04:07:53.392Z,72,fan,72,66,
climate.pool_house,heat_cool,2026-03-11T04:10:53.456Z,72,idle,72,66,
climate.pool_house,heat_cool,2026-03-11T04:13:53.394Z,72.2,cooling,72,66,
climate.pool_house,heat_cool,2026-03-11T04:16:53.442Z,72.1,cooling,72,66,
climate.pool_house,heat_cool,2026-03-11T04:22:53.425Z,72,idle,72,66,
climate.pool_house,heat_cool,2026-03-11T04:25:53.409Z,72,cooling,72,66,
climate.pool_house,heat_cool,2026-03-11T04:28:53.449Z,72.3,cooling,72,66,
climate.pool_house,heat_cool,2026-03-11T04:31:53.464Z,72.2,cooling,72,66,
climate.pool_house,heat_cool,2026-03-11T04:34:53.461Z,72,idle,72,66,
climate.pool_house,heat_cool,2026-03-11T04:37:53.406Z,72.2,cooling,71,66,
climate.pool_house,heat_cool,2026-03-11T04:40:53.462Z,72.3,cooling,71,66,
climate.pool_house,heat_cool,2026-03-11T04:46:53.858Z,71.9,cooling,71,66,
climate.pool_house,heat_cool,2026-03-11T04:49:53.438Z,71.9,cooling,72,66,
climate.pool_house,heat_cool,2026-03-11T04:52:53.495Z,71.7,idle,72,66,
climate.pool_house,heat_cool,2026-03-11T04:55:53.451Z,71.7,idle,72,66,
climate.pool_house,heat_cool,2026-03-11T04:58:53.426Z,72.4,cooling,72,66,
climate.pool_house,heat_cool,2026-03-11T05:01:53.469Z,72.4,cooling,73,66,
climate.pool_house,heat_cool,2026-03-11T05:04:53.466Z,72.2,idle,73,66,
climate.pool_house,heat_cool,2026-03-11T05:10:53.482Z,72.5,idle,73,66,
climate.pool_house,heat_cool,2026-03-11T05:13:53.544Z,72.9,idle,73,66,
climate.pool_house,heat_cool,2026-03-11T05:16:53.583Z,73.2,cooling,73,66,
climate.pool_house,heat_cool,2026-03-11T05:19:53.493Z,73,fan,73,66,
climate.pool_house,heat_cool,2026-03-11T05:22:53.503Z,72.7,idle,73,66,
climate.pool_house,heat_cool,2026-03-11T05:25:53.472Z,73,idle,73,66,
climate.pool_house,heat_cool,2026-03-11T05:28:53.459Z,73.2,cooling,73,66,
climate.pool_house,heat_cool,2026-03-11T05:31:53.527Z,72.7,idle,73,66,
climate.pool_house,heat_cool,2026-03-11T05:34:53.472Z,72.6,idle,73,66,
climate.pool_house,heat_cool,2026-03-11T05:40:53.508Z,72.7,idle,73,66,
climate.pool_house,heat_cool,2026-03-11T05:43:53.483Z,73.2,idle,73,66,
climate.pool_house,heat_cool,2026-03-11T05:46:53.903Z,73.6,cooling,73,66,
climate.pool_house,heat_cool,2026-03-11T05:49:53.543Z,73.6,cooling,73,66,
climate.pool_house,heat_cool,2026-03-11T05:52:53.511Z,73.3,cooling,73,66,
climate.pool_house,heat_cool,2026-03-11T05:55:53.512Z,72.9,idle,73,66,
climate.pool_house,heat_cool,2026-03-11T05:58:53.514Z,72.6,idle,73,66,
climate.pool_house,heat_cool,2026-03-11T06:01:53.499Z,73,idle,73,66,
climate.pool_house,heat_cool,2026-03-11T06:04:53.464Z,73.5,cooling,73,66,
climate.pool_house,heat_cool,2026-03-11T06:07:53.532Z,73.5,cooling,73,66,
climate.pool_house,heat_cool,2026-03-11T06:10:53.571Z,73,fan,73,66,
climate.pool_house,heat_cool,2026-03-11T06:13:53.523Z,72.1,idle,71,66,
climate.pool_house,heat_cool,2026-03-11T06:16:53.493Z,72.4,cooling,71,66,
climate.pool_house,heat_cool,2026-03-11T06:19:53.508Z,72.2,cooling,71,66,
climate.pool_house,heat_cool,2026-03-11T06:22:53.547Z,71.9,cooling,71,66,
climate.pool_house,heat_cool,2026-03-11T06:25:53.575Z,71.6,cooling,71,66,
climate.pool_house,heat_cool,2026-03-11T06:28:53.558Z,71.3,cooling,71,66,
climate.pool_house,heat_cool,2026-03-11T06:31:53.522Z,71.1,cooling,71,66,
climate.pool_house,heat_cool,2026-03-11T06:34:53.510Z,70.8,idle,71,66,
climate.pool_house,heat_cool,2026-03-11T06:37:53.520Z,71.1,idle,71,66,
climate.pool_house,heat_cool,2026-03-11T06:40:53.562Z,71.3,idle,71,66,
climate.pool_house,heat_cool,2026-03-11T06:43:53.567Z,71.6,cooling,71,66,
climate.pool_house,heat_cool,2026-03-11T06:49:53.555Z,71.1,cooling,71,66,
climate.pool_house,heat_cool,2026-03-11T06:55:53.566Z,70.9,idle,71,66,
climate.pool_house,heat_cool,2026-03-11T06:58:53.598Z,70.9,idle,71,66,
climate.pool_house,heat_cool,2026-03-11T07:01:53.548Z,71,idle,71,66,
climate.pool_house,heat_cool,2026-03-11T07:04:53.568Z,71.1,cooling,71,66,
climate.pool_house,heat_cool,2026-03-11T07:07:53.590Z,70.9,idle,71,66,
climate.pool_house,heat_cool,2026-03-11T07:10:53.579Z,71,idle,71,66,
climate.pool_house,heat_cool,2026-03-11T07:13:53.574Z,71.2,cooling,71,66,
climate.pool_house,heat_cool,2026-03-11T07:16:53.543Z,71,fan,71,66,
climate.pool_house,heat_cool,2026-03-11T07:19:53.597Z,70.8,idle,71,66,
climate.pool_house,heat_cool,2026-03-11T07:22:53.602Z,70.9,idle,71,66,
climate.pool_house,heat_cool,2026-03-11T07:25:53.619Z,71.2,cooling,71,66,
climate.pool_house,heat_cool,2026-03-11T07:31:53.615Z,71.1,cooling,71,66,
climate.pool_house,heat_cool,2026-03-11T07:34:53.602Z,70.7,idle,71,66,
climate.pool_house,heat_cool,2026-03-11T07:40:53.604Z,70.8,cooling,71,66,
climate.pool_house,heat_cool,2026-03-11T07:43:53.643Z,71.5,cooling,71,66,
climate.pool_house,heat_cool,2026-03-11T07:49:53.616Z,71.3,cooling,71,66,
climate.pool_house,heat_cool,2026-03-11T07:52:53.578Z,71.3,cooling,71,66,
climate.pool_house,heat_cool,2026-03-11T07:55:53.611Z,70.9,idle,71,66,
climate.pool_house,heat_cool,2026-03-11T07:58:53.584Z,71.3,cooling,71,66,
climate.pool_house,heat_cool,2026-03-11T08:01:53.572Z,71.4,cooling,71,66,
climate.pool_house,heat_cool,2026-03-11T08:04:53.591Z,71.1,cooling,71,66,
climate.pool_house,heat_cool,2026-03-11T08:07:53.616Z,70.8,fan,71,66,
climate.pool_house,heat_cool,2026-03-11T08:10:53.588Z,71,idle,71,66,
climate.pool_house,heat_cool,2026-03-11T08:13:53.598Z,71.3,cooling,71,66,
climate.pool_house,heat_cool,2026-03-11T08:16:53.606Z,71.5,cooling,71,66,
climate.pool_house,heat_cool,2026-03-11T08:19:53.650Z,70.7,idle,71,66,
climate.pool_house,heat_cool,2026-03-11T08:22:53.677Z,70.9,idle,71,66,
climate.pool_house,heat_cool,2026-03-11T08:25:53.605Z,71.2,cooling,71,66,
climate.pool_house,heat_cool,2026-03-11T08:31:53.600Z,70.9,fan,71,66,
climate.pool_house,heat_cool,2026-03-11T08:34:53.609Z,70.8,idle,71,66,
climate.pool_house,heat_cool,2026-03-11T08:37:53.663Z,70.6,idle,71,66,
climate.pool_house,heat_cool,2026-03-11T08:40:53.638Z,70.8,idle,71,66,
climate.pool_house,heat_cool,2026-03-11T08:46:54.065Z,71,idle,71,66,
climate.pool_house,heat_cool,2026-03-11T08:49:53.649Z,71.4,cooling,71,66,
climate.pool_house,heat_cool,2026-03-11T08:52:53.680Z,71.2,cooling,71,66,
climate.pool_house,heat_cool,2026-03-11T08:55:53.695Z,70.9,idle,71,66,
climate.pool_house,heat_cool,2026-03-11T08:58:53.683Z,70.4,idle,71,66,
climate.pool_house,heat_cool,2026-03-11T09:01:53.684Z,70.7,idle,71,66,
climate.pool_house,heat_cool,2026-03-11T09:04:53.659Z,71.1,cooling,71,66,
climate.pool_house,heat_cool,2026-03-11T09:07:53.739Z,71.1,cooling,73,66,
climate.pool_house,heat_cool,2026-03-11T09:10:53.669Z,70.9,idle,73,66,
climate.pool_house,heat_cool,2026-03-11T09:13:53.661Z,70.8,idle,73,66,
climate.pool_house,heat_cool,2026-03-11T09:19:53.664Z,71,idle,73,66,
climate.pool_house,heat_cool,2026-03-11T09:22:53.693Z,71.4,idle,73,66,
climate.pool_house,heat_cool,2026-03-11T09:25:53.698Z,71.4,idle,73,66,
climate.pool_house,heat_cool,2026-03-11T09:28:53.654Z,71.8,idle,70,66,
climate.pool_house,heat_cool,2026-03-11T09:31:53.689Z,71.8,cooling,71,66,
climate.pool_house,heat_cool,2026-03-11T09:34:53.722Z,71.6,cooling,71,66,
climate.pool_house,heat_cool,2026-03-11T09:37:53.738Z,71.1,cooling,71,66,
climate.pool_house,heat_cool,2026-03-11T09:40:53.679Z,70.9,idle,71,66,
climate.pool_house,heat_cool,2026-03-11T09:43:53.716Z,70.8,idle,71,66,
climate.pool_house,heat_cool,2026-03-11T09:46:54.045Z,71,idle,71,66,
climate.pool_house,heat_cool,2026-03-11T09:49:53.715Z,71.3,cooling,71,66,
climate.pool_house,heat_cool,2026-03-11T09:52:53.679Z,71.1,cooling,71,66,
climate.pool_house,heat_cool,2026-03-11T09:55:53.716Z,71,idle,71,66,
climate.pool_house,heat_cool,2026-03-11T09:58:53.735Z,71,idle,71,66,
climate.pool_house,heat_cool,2026-03-11T10:01:53.709Z,71.1,cooling,71,66,
climate.pool_house,heat_cool,2026-03-11T10:04:53.711Z,71,fan,71,66,
climate.pool_house,heat_cool,2026-03-11T10:07:53.714Z,71.2,idle,71,66,
climate.pool_house,heat_cool,2026-03-11T10:10:53.714Z,71.5,cooling,71,66,
climate.pool_house,heat_cool,2026-03-11T10:13:53.673Z,71.4,cooling,71,66,
climate.pool_house,heat_cool,2026-03-11T10:16:53.772Z,71.2,cooling,71,66,
climate.pool_house,heat_cool,2026-03-11T10:19:53.793Z,70.6,idle,71,66,
climate.pool_house,heat_cool,2026-03-11T10:22:53.745Z,70.3,idle,71,66,
climate.pool_house,heat_cool,2026-03-11T10:25:53.704Z,70.5,idle,71,66,
climate.pool_house,heat_cool,2026-03-11T10:28:53.762Z,70.7,idle,71,66,
climate.pool_house,heat_cool,2026-03-11T10:31:53.759Z,70.9,idle,71,66,
climate.pool_house,heat_cool,2026-03-11T10:34:53.715Z,71.2,cooling,71,66,
climate.pool_house,heat_cool,2026-03-11T10:37:53.754Z,71,cooling,71,66,
climate.pool_house,heat_cool,2026-03-11T10:40:53.778Z,70.2,idle,71,66,
climate.pool_house,heat_cool,2026-03-11T10:43:53.762Z,70.4,idle,71,66,
climate.pool_house,heat_cool,2026-03-11T10:46:54.210Z,70.6,idle,71,66,
climate.pool_house,heat_cool,2026-03-11T10:49:53.768Z,70.9,idle,71,66,
climate.pool_house,heat_cool,2026-03-11T10:52:53.744Z,71,cooling,71,66,
climate.pool_house,heat_cool,2026-03-11T10:55:53.811Z,70.8,idle,73,66,
climate.pool_house,heat_cool,2026-03-11T10:58:53.784Z,70.4,idle,73,66,
climate.pool_house,heat_cool,2026-03-11T11:01:53.788Z,70.5,idle,73,66,
climate.pool_house,heat_cool,2026-03-11T11:04:53.776Z,70.9,idle,73,66,
climate.pool_house,heat_cool,2026-03-11T11:07:53.760Z,71.1,idle,73,66,
climate.pool_house,heat_cool,2026-03-11T11:10:53.802Z,71.4,idle,73,66,
climate.pool_house,heat_cool,2026-03-11T11:13:53.773Z,71.7,idle,73,66,
climate.pool_house,heat_cool,2026-03-11T11:19:53.819Z,71.5,fan,73,66,
climate.pool_house,heat_cool,2026-03-11T11:22:53.814Z,70.6,fan,73,66,
climate.pool_house,heat_cool,2026-03-11T11:25:53.800Z,71,fan,73,66,
climate.pool_house,heat_cool,2026-03-11T11:28:53.806Z,69.7,idle,73,66,
climate.pool_house,heat_cool,2026-03-11T11:31:53.821Z,69.6,idle,73,66,
climate.pool_house,heat_cool,2026-03-11T11:34:53.848Z,69.9,idle,73,66,
climate.pool_house,heat_cool,2026-03-11T11:37:53.788Z,70.3,idle,73,66,
climate.pool_house,heat_cool,2026-03-11T11:40:53.852Z,70.4,idle,73,66,
climate.pool_house,heat_cool,2026-03-11T11:43:53.825Z,71,idle,73,66,
climate.pool_house,heat_cool,2026-03-11T11:46:54.216Z,71,cooling,70,66,
climate.pool_house,heat_cool,2026-03-11T11:49:53.820Z,71,cooling,70,66,
climate.pool_house,heat_cool,2026-03-11T11:52:53.817Z,70.1,cooling,70,66,
climate.pool_house,heat_cool,2026-03-11T11:55:53.859Z,69.5,idle,70,66,
climate.pool_house,heat_cool,2026-03-11T11:58:53.824Z,69.3,idle,70,66,
climate.pool_house,heat_cool,2026-03-11T12:01:53.848Z,69.6,idle,71,68,
climate.pool_house,heat_cool,2026-03-11T12:04:53.854Z,70.3,idle,71,68,
climate.pool_house,heat_cool,2026-03-11T12:07:53.847Z,70.5,idle,71,68,
climate.pool_house,heat_cool,2026-03-11T12:10:53.880Z,70.6,idle,71,68,
climate.pool_house,heat_cool,2026-03-11T12:13:53.857Z,71.3,cooling,71,68,
climate.pool_house,heat_cool,2026-03-11T12:16:53.824Z,71,cooling,71,68,
climate.pool_house,heat_cool,2026-03-11T12:19:53.805Z,70.5,idle,71,68,
climate.pool_house,heat_cool,2026-03-11T12:22:53.845Z,70.3,idle,71,68,
climate.pool_house,heat_cool,2026-03-11T12:25:53.834Z,70.7,idle,71,68,
climate.pool_house,heat_cool,2026-03-11T12:28:53.855Z,71,idle,71,68,
climate.pool_house,heat_cool,2026-03-11T12:31:53.875Z,71.3,cooling,71,68,
climate.pool_house,heat_cool,2026-03-11T12:34:53.869Z,70.8,idle,71,68,
climate.pool_house,heat_cool,2026-03-11T12:37:53.851Z,70.3,idle,71,68,
climate.pool_house,heat_cool,2026-03-11T12:40:53.866Z,70.4,idle,71,68,
climate.pool_house,heat_cool,2026-03-11T12:46:54.237Z,70.6,idle,71,68,
climate.pool_house,heat_cool,2026-03-11T12:49:53.891Z,70.7,idle,71,68,
climate.pool_house,heat_cool,2026-03-11T12:52:53.829Z,70.7,idle,71,68,
climate.pool_house,heat_cool,2026-03-11T12:55:53.886Z,71.1,cooling,71,68,
climate.pool_house,heat_cool,2026-03-11T13:04:53.916Z,70.4,idle,71,68,
climate.pool_house,heat_cool,2026-03-11T13:07:53.839Z,70.2,idle,70,67,
climate.pool_house,heat_cool,2026-03-11T13:10:53.908Z,70.2,cooling,70,67,
climate.pool_house,heat_cool,2026-03-11T13:13:53.848Z,70.9,cooling,70,67,
climate.pool_house,heat_cool,2026-03-11T13:16:53.886Z,71.2,cooling,72,67,
climate.pool_house,heat_cool,2026-03-11T13:19:53.920Z,71.2,idle,72,67,
climate.pool_house,heat_cool,2026-03-11T13:22:53.916Z,71.4,idle,72,67,
climate.pool_house,heat_cool,2026-03-11T13:28:53.920Z,71.9,idle,72,67,
climate.pool_house,heat_cool,2026-03-11T13:31:53.942Z,72.2,cooling,72,67,
climate.pool_house,heat_cool,2026-03-11T13:34:53.876Z,71.8,cooling,72,67,
climate.pool_house,heat_cool,2026-03-11T13:37:53.910Z,71.2,idle,72,67,
climate.pool_house,heat_cool,2026-03-11T13:40:53.939Z,71,idle,72,67,
climate.pool_house,heat_cool,2026-03-11T13:43:53.936Z,71.1,idle,72,67,
climate.pool_house,heat_cool,2026-03-11T13:46:54.324Z,71.5,idle,72,67,
climate.pool_house,heat_cool,2026-03-11T13:49:53.982Z,71.7,idle,72,67,
climate.pool_house,heat_cool,2026-03-11T13:52:53.923Z,72,idle,72,67,
climate.pool_house,heat_cool,2026-03-11T13:55:53.888Z,72.3,cooling,72,67,
climate.pool_house,heat_cool,2026-03-11T13:58:53.916Z,72,cooling,72,67,
climate.pool_house,heat_cool,2026-03-11T14:01:53.894Z,71.4,idle,72,67,
climate.pool_house,heat_cool,2026-03-11T14:04:53.923Z,71.1,idle,72,67,
climate.pool_house,unavailable,2026-03-11T14:09:06.931Z
climate.pool_house,heat_cool,2026-03-11T20:07:00.443Z,72.8,cooling,72,67,
climate.pool_house,heat_cool,2026-03-11T20:12:11.745Z,72.9,cooling,72,67,
climate.pool_house,heat_cool,2026-03-11T20:16:11.751Z,72.8,cooling,72,67,
climate.pool_house,heat_cool,2026-03-11T20:18:12.152Z,72.9,cooling,72,67,
climate.pool_house,heat_cool,2026-03-11T20:21:12.019Z,72.8,cooling,72,67,
climate.pool_house,heat_cool,2026-03-11T20:24:12.020Z,72.8,cooling,72,67,
climate.pool_house,heat_cool,2026-03-11T20:30:12.633Z,72.6,cooling,72,67,
climate.pool_house,heat_cool,2026-03-11T20:32:33.351Z,72.5,cooling,72,67,
climate.pool_house,heat_cool,2026-03-11T20:35:33.696Z,72.4,cooling,72,67,
climate.pool_house,heat_cool,2026-03-11T20:44:33.732Z,72.5,cooling,72,67,
climate.pool_house,heat_cool,2026-03-11T20:47:33.687Z,72.6,cooling,72,67,
climate.pool_house,heat_cool,2026-03-11T20:50:33.693Z,72.4,cooling,72,67,
climate.pool_house,heat_cool,2026-03-11T20:53:33.683Z,72.1,cooling,72,67,
climate.pool_house,heat_cool,2026-03-11T20:59:33.680Z,72.3,cooling,72,67,
climate.pool_house,heat_cool,2026-03-11T21:05:33.657Z,72.2,cooling,72,67,
climate.pool_house,heat_cool,2026-03-11T21:14:33.728Z,72.5,cooling,72,67,
climate.pool_house,heat_cool,2026-03-11T21:17:33.711Z,72.2,cooling,72,67,
climate.pool_house,heat_cool,2026-03-11T21:23:33.712Z,72.5,cooling,72,67,
climate.pool_house,heat_cool,2026-03-11T21:26:33.697Z,72.6,cooling,72,67,
climate.pool_house,heat_cool,2026-03-11T21:29:33.753Z,72.3,cooling,72,67,
climate.pool_house,heat_cool,2026-03-11T21:38:33.738Z,72.2,cooling,72,67,
climate.pool_house,heat_cool,2026-03-11T21:50:33.750Z,72.5,cooling,72,67,
climate.pool_house,heat_cool,2026-03-11T21:53:33.679Z,72.6,cooling,72,67,
climate.pool_house,heat_cool,2026-03-11T21:56:33.755Z,72.5,cooling,72,67,
climate.pool_house,heat_cool,2026-03-11T21:59:33.734Z,72.4,cooling,72,67,
climate.pool_house,heat_cool,2026-03-11T22:02:33.681Z,72.6,cooling,72,67,
climate.pool_house,heat_cool,2026-03-11T22:05:33.733Z,72.3,cooling,72,67,
climate.pool_house,heat_cool,2026-03-11T22:14:33.732Z,72.2,cooling,72,67,
climate.pool_house,heat_cool,2026-03-11T22:17:33.742Z,72.9,idle,72,67,
climate.pool_house,heat_cool,2026-03-11T22:20:33.759Z,73.2,cooling,72,67,
climate.pool_house,heat_cool,2026-03-11T22:23:33.772Z,73.2,cooling,72,67,
climate.pool_house,heat_cool,2026-03-11T22:29:33.749Z,73.4,cooling,72,67,
climate.pool_house,heat_cool,2026-03-11T22:35:33.735Z,73.4,cooling,72,67,
climate.pool_house,heat_cool,2026-03-11T22:38:17.325Z,72.6,cooling,72,67,
climate.pool_house,heat_cool,2026-03-11T22:41:17.705Z,72.3,cooling,72,67,
climate.pool_house,heat_cool,2026-03-11T22:44:17.624Z,72,fan,72,67,
climate.pool_house,heat_cool,2026-03-11T22:47:17.641Z,72.8,idle,72,67,
climate.pool_house,heat_cool,2026-03-11T22:50:17.618Z,72.7,cooling,72,67,
climate.pool_house,heat_cool,2026-03-11T22:53:17.657Z,73.4,cooling,72,67,
climate.pool_house,heat_cool,2026-03-11T22:56:17.629Z,72.8,cooling,72,67,
climate.pool_house,heat_cool,2026-03-11T22:59:17.638Z,72.6,cooling,72,67,
climate.pool_house,heat_cool,2026-03-11T23:02:17.637Z,72.3,cooling,72,67,
climate.pool_house,heat_cool,2026-03-11T23:05:17.650Z,72.4,cooling,72,67,
climate.pool_house,heat_cool,2026-03-11T23:11:17.673Z,72.2,cooling,72,67,
climate.pool_house,heat_cool,2026-03-11T23:14:17.645Z,72.7,idle,72,67,
climate.pool_house,heat_cool,2026-03-11T23:17:54.940Z,72.8,cooling,72,67,
climate.pool_house,heat_cool,2026-03-11T23:20:55.229Z,72.6,cooling,72,67,
climate.pool_house,heat_cool,2026-03-11T23:23:55.255Z,72.4,cooling,72,67,
climate.pool_house,heat_cool,2026-03-11T23:26:55.275Z,72.3,cooling,72,67,
climate.pool_house,heat_cool,2026-03-11T23:29:19.673Z,72.3,cooling,72,67,
climate.pool_house,heat_cool,2026-03-11T23:32:20.006Z,72.1,cooling,72,67,
climate.pool_house,heat_cool,2026-03-11T23:35:19.999Z,72.2,idle,72,67,
climate.pool_house,heat_cool,2026-03-11T23:38:20.017Z,72.6,cooling,72,67,
climate.pool_house,heat_cool,2026-03-11T23:41:20.060Z,72.5,cooling,72,67,
climate.pool_house,heat_cool,2026-03-11T23:44:26.936Z,72.1,cooling,72,67,
climate.pool_house,heat_cool,2026-03-11T23:47:27.280Z,73.2,idle,72,67,
climate.pool_house,heat_cool,2026-03-11T23:50:27.275Z,73.1,cooling,72,67,
climate.pool_house,heat_cool,2026-03-11T23:53:27.283Z,72.7,cooling,72,67,
climate.pool_house,heat_cool,2026-03-11T23:56:27.299Z,72.1,cooling,72,67,
climate.pool_house,heat_cool,2026-03-11T23:59:27.236Z,72,fan,72,67,
climate.pool_house,heat_cool,2026-03-12T00:02:27.273Z,72.6,idle,72,67,
climate.pool_house,heat_cool,2026-03-12T00:05:27.259Z,72.7,cooling,72,67,
climate.pool_house,heat_cool,2026-03-12T00:08:27.295Z,72.5,cooling,72,67,
climate.pool_house,heat_cool,2026-03-12T00:11:27.309Z,72.2,cooling,72,67,
climate.pool_house,heat_cool,2026-03-12T00:13:14.234Z,72.2,cooling,72,67,
climate.pool_house,heat_cool,2026-03-12T00:16:14.560Z,72.1,cooling,72,67,
climate.pool_house,heat_cool,2026-03-12T00:19:14.508Z,72.2,idle,72,67,
climate.pool_house,heat_cool,2026-03-12T00:22:14.570Z,72.2,cooling,72,67,
climate.pool_house,heat_cool,2026-03-12T00:25:32.051Z,72.5,cooling,72,67,
climate.pool_house,heat_cool,2026-03-12T00:28:32.339Z,72.3,cooling,72,67,
climate.pool_house,heat_cool,2026-03-12T00:31:13.592Z,72.1,cooling,73,66.9,
climate.pool_house,heat_cool,2026-03-12T00:34:13.889Z,72.4,idle,73,66.9,
climate.pool_house,heat_cool,2026-03-12T00:37:13.901Z,72.6,idle,73,66.9,
climate.pool_house,heat_cool,2026-03-12T00:40:13.937Z,72.8,idle,73,66.9,
climate.pool_house,heat_cool,2026-03-12T00:42:12.306Z,73.3,idle,73,66.9,
climate.pool_house,heat_cool,2026-03-12T00:45:12.789Z,73.6,cooling,73,66.9,
climate.pool_house,heat_cool,2026-03-12T00:48:12.659Z,73.7,cooling,73,66.9,
climate.pool_house,heat_cool,2026-03-12T00:51:12.614Z,73.2,cooling,73,66.9,
climate.pool_house,heat_cool,2026-03-12T00:54:12.587Z,73.3,idle,73,66.9,
climate.pool_house,heat_cool,2026-03-12T00:57:12.640Z,73.8,cooling,73,66.9,
climate.pool_house,heat_cool,2026-03-12T01:00:12.675Z,74,cooling,73,66.9,
climate.pool_house,heat_cool,2026-03-12T01:09:12.624Z,73.6,cooling,73,66.9,
climate.pool_house,heat_cool,2026-03-12T01:12:12.671Z,73.4,cooling,73,66.9,
climate.pool_house,heat_cool,2026-03-12T01:14:52.853Z,73.4,cooling,73,66.9,
climate.pool_house,heat_cool,2026-03-12T01:18:52.857Z,73.3,cooling,73,66.9,
climate.pool_house,heat_cool,2026-03-12T01:20:53.170Z,73.1,idle,73,66.9,
climate.pool_house,heat_cool,2026-03-12T01:23:53.204Z,73.2,cooling,73,66.9,
climate.pool_house,heat_cool,2026-03-12T01:26:53.197Z,73.1,cooling,73,66.9,
climate.pool_house,heat_cool,2026-03-12T01:29:53.199Z,73.1,idle,73,66.9,
climate.pool_house,heat_cool,2026-03-12T01:32:53.202Z,73.4,idle,73,66.9,
climate.pool_house,heat_cool,2026-03-12T01:35:53.181Z,73.7,cooling,73,66.9,
climate.pool_house,heat_cool,2026-03-12T01:41:53.227Z,73.6,cooling,73,66.9,
climate.pool_house,heat_cool,2026-03-12T01:47:53.222Z,73.2,cooling,73,66.9,
climate.pool_house,heat_cool,2026-03-12T01:49:03.406Z,73.2,cooling,73,66.9,
climate.pool_house,heat_cool,2026-03-12T01:52:03.706Z,73.4,cooling,73,66.9,
climate.pool_house,heat_cool,2026-03-12T01:55:03.661Z,73.2,cooling,73,66.9,
climate.pool_house,heat_cool,2026-03-12T01:58:03.687Z,73,idle,73,66.9,
climate.pool_house,heat_cool,2026-03-12T02:01:03.806Z,73.3,cooling,73,66.9,
climate.pool_house,heat_cool,2026-03-12T02:04:03.690Z,73.5,cooling,73,66.9,
climate.pool_house,heat_cool,2026-03-12T02:07:03.683Z,73.1,cooling,73,66.9,
climate.pool_house,heat_cool,2026-03-12T02:10:03.687Z,73.3,cooling,73,66.9,
climate.pool_house,heat_cool,2026-03-12T02:13:03.745Z,73.2,cooling,73,66.9,
climate.pool_house,heat_cool,2026-03-12T02:16:03.762Z,73.1,fan,73,66.9,
climate.pool_house,heat_cool,2026-03-12T02:19:03.758Z,73.1,idle,73,66.9,
climate.pool_house,heat_cool,2026-03-12T02:25:03.772Z,73.1,cooling,73,66.9,
climate.pool_house,heat_cool,2026-03-12T02:28:03.760Z,73.1,cooling,73,66.9,
climate.pool_house,heat_cool,2026-03-12T02:34:03.725Z,73,fan,73,66.9,
climate.pool_house,heat_cool,2026-03-12T02:37:03.727Z,73.1,idle,73,66.9,
climate.pool_house,heat_cool,2026-03-12T02:40:03.720Z,73,cooling,73,66.9,
climate.pool_house,heat_cool,2026-03-12T02:43:03.752Z,73.1,cooling,73,66.9,
climate.pool_house,heat_cool,2026-03-12T02:44:04.854Z,73.1,cooling,73,66.9,
climate.pool_house,heat_cool,2026-03-12T02:47:05.159Z,73,idle,73,66.9,
climate.pool_house,heat_cool,2026-03-12T02:50:05.200Z,73.2,cooling,73,66.9,
climate.pool_house,heat_cool,2026-03-12T02:59:05.159Z,73,fan,73,66.9,
climate.pool_house,heat_cool,2026-03-12T03:02:05.139Z,73.2,idle,73,66.9,
climate.pool_house,heat_cool,2026-03-12T03:05:05.841Z,73.4,cooling,73,66.9,
climate.pool_house,heat_cool,2026-03-12T03:08:05.213Z,73.2,cooling,73,66.9,
climate.pool_house,heat_cool,2026-03-12T03:14:05.153Z,73.1,cooling,73,66.9,
climate.pool_house,heat_cool,2026-03-12T03:17:05.164Z,73,idle,73,66.9,
climate.pool_house,heat_cool,2026-03-12T03:20:05.178Z,72.9,idle,73,66.9,
climate.pool_house,heat_cool,2026-03-12T03:23:05.160Z,73.1,cooling,73,66.9,
climate.pool_house,heat_cool,2026-03-12T03:26:05.190Z,73,cooling,73,66.9,
climate.pool_house,heat_cool,2026-03-12T03:29:05.172Z,72.7,idle,73,66.9,
climate.pool_house,heat_cool,2026-03-12T03:32:05.198Z,73.1,idle,73,66.9,
climate.pool_house,heat_cool,2026-03-12T03:35:05.235Z,73.1,cooling,73,66.9,
climate.pool_house,heat_cool,2026-03-12T03:38:05.178Z,72.8,idle,73,66.9,
climate.pool_house,heat_cool,2026-03-12T03:40:19.688Z,72.8,idle,73,66.9,
climate.pool_house,heat_cool,2026-03-12T03:43:20.025Z,72.6,idle,73,66.9,
climate.pool_house,heat_cool,2026-03-12T03:46:19.961Z,72.7,idle,73,66.9,
climate.pool_house,heat_cool,2026-03-12T03:49:20.032Z,73.1,cooling,73,66.9,
climate.pool_house,heat_cool,2026-03-12T03:52:20.103Z,73.3,cooling,73,66.9,
climate.pool_house,heat_cool,2026-03-12T03:55:20.018Z,73.1,idle,73,66.9,
climate.pool_house,heat_cool,2026-03-12T04:01:20.058Z,73.3,cooling,73,66.9,
climate.pool_house,heat_cool,2026-03-12T04:04:20.044Z,73.6,cooling,73,66.9,
climate.pool_house,heat_cool,2026-03-12T04:07:19.985Z,73.3,cooling,73,66.9,
climate.pool_house,heat_cool,2026-03-12T04:10:20.023Z,72.3,idle,73,66.9,
climate.pool_house,heat_cool,2026-03-12T04:13:07.077Z,72.1,idle,73,66.9,
climate.pool_house,heat_cool,2026-03-12T04:16:07.397Z,72.6,idle,73,66.9,
climate.pool_house,heat_cool,2026-03-12T04:19:07.395Z,73,idle,73,66.9,
climate.pool_house,heat_cool,2026-03-12T04:22:07.414Z,73.3,cooling,73,66.9,
climate.pool_house,heat_cool,2026-03-12T04:25:07.431Z,73,fan,73,66.9,
climate.pool_house,heat_cool,2026-03-12T04:28:07.378Z,72.5,idle,73,66.9,
climate.pool_house,heat_cool,2026-03-12T04:31:07.684Z,72.7,cooling,72,66.9,
climate.pool_house,heat_cool,2026-03-12T04:34:07.372Z,72.9,cooling,72,66.9,
climate.pool_house,heat_cool,2026-03-12T04:37:07.431Z,72.9,cooling,72,66.9,
climate.pool_house,heat_cool,2026-03-12T04:43:07.435Z,73.1,cooling,72,66.9,
climate.pool_house,heat_cool,2026-03-12T04:46:07.400Z,73.3,cooling,72,66.9,
climate.pool_house,heat_cool,2026-03-12T04:49:07.457Z,73.2,cooling,72,66.9,
climate.pool_house,heat_cool,2026-03-12T04:50:18.498Z,73.2,cooling,72,66.9,
climate.pool_house,heat_cool,2026-03-12T04:53:18.805Z,73.2,cooling,72,66.9,
climate.pool_house,heat_cool,2026-03-12T04:55:31.606Z,73.2,cooling,72,66.9,
climate.pool_house,heat_cool,2026-03-12T04:59:31.609Z,72.7,cooling,72,66.9,
climate.pool_house,heat_cool,2026-03-12T05:01:44.931Z,72.8,cooling,72,66.9,
climate.pool_house,heat_cool,2026-03-12T05:04:45.245Z,72.5,cooling,72,66.9,
climate.pool_house,heat_cool,2026-03-12T05:07:45.208Z,72.1,cooling,72,66.9,
climate.pool_house,heat_cool,2026-03-12T05:10:45.257Z,71.9,idle,72,66.9,
climate.pool_house,heat_cool,2026-03-12T05:16:48.140Z,72.1,cooling,72,66.9,
climate.pool_house,heat_cool,2026-03-12T05:19:48.470Z,72.4,cooling,72,66.9,
climate.pool_house,heat_cool,2026-03-12T05:21:11.314Z,72.4,cooling,72,66.9,
climate.pool_house,heat_cool,2026-03-12T05:24:11.632Z,71.9,idle,72,66.9,
climate.pool_house,heat_cool,2026-03-12T05:27:11.644Z,71.6,idle,72,66.9,
climate.pool_house,heat_cool,2026-03-12T05:30:11.617Z,71.8,idle,72,66.9,
climate.pool_house,heat_cool,2026-03-12T05:33:11.618Z,71.8,idle,72,66.9,
climate.pool_house,heat_cool,2026-03-12T05:36:11.614Z,72,cooling,72,66.9,
climate.pool_house,heat_cool,2026-03-12T05:39:11.651Z,72.1,cooling,72,66.9,
climate.pool_house,heat_cool,2026-03-12T05:42:11.585Z,71.8,fan,72,66.9,
climate.pool_house,heat_cool,2026-03-12T05:45:11.651Z,71.3,idle,72,66.9,
climate.pool_house,heat_cool,2026-03-12T05:48:11.595Z,71.1,idle,72,66.9,
climate.pool_house,heat_cool,2026-03-12T05:51:11.600Z,71,idle,72,66.9,
climate.pool_house,heat_cool,2026-03-12T05:54:11.667Z,71.1,idle,72,66.9,
climate.pool_house,heat_cool,2026-03-12T05:57:11.649Z,72,idle,72,66.9,
climate.pool_house,heat_cool,2026-03-12T06:00:11.621Z,72,idle,72,66.9,
climate.pool_house,heat_cool,2026-03-12T06:03:11.612Z,72.7,cooling,72,66.9,
climate.pool_house,heat_cool,2026-03-12T06:06:11.652Z,72.5,cooling,72,66.9,
climate.pool_house,heat_cool,2026-03-12T06:09:11.716Z,72.6,cooling,72,66.9,
climate.pool_house,heat_cool,2026-03-12T06:12:11.631Z,72.5,cooling,72,66.9,
climate.pool_house,heat_cool,2026-03-12T06:15:11.663Z,72.4,cooling,72,66.9,
climate.pool_house,heat_cool,2026-03-12T06:24:11.662Z,72.2,cooling,72,66.9,
climate.pool_house,heat_cool,2026-03-12T06:27:11.598Z,72,fan,72,66.9,
climate.pool_house,heat_cool,2026-03-12T06:30:11.653Z,71.3,idle,72,66.9,
climate.pool_house,heat_cool,2026-03-12T06:33:11.655Z,71.5,idle,72,66.9,
climate.pool_house,heat_cool,2026-03-12T06:36:11.687Z,71.6,idle,72,66.9,
climate.pool_house,heat_cool,2026-03-12T06:45:11.689Z,72,idle,72,66.9,
climate.pool_house,heat_cool,2026-03-12T06:48:11.657Z,72.2,cooling,72,66.9,
climate.pool_house,heat_cool,2026-03-12T06:51:11.696Z,72.1,fan,72,66.9,
climate.pool_house,heat_cool,2026-03-12T06:54:11.707Z,71.9,idle,72,66.9,
climate.pool_house,heat_cool,2026-03-12T06:57:11.711Z,71.7,idle,72,66.9,
climate.pool_house,heat_cool,2026-03-12T07:00:11.686Z,72.3,cooling,72,66.9,
climate.pool_house,heat_cool,2026-03-12T07:03:11.717Z,71.9,cooling,72,66.9,
climate.pool_house,heat_cool,2026-03-12T07:06:11.698Z,71.5,idle,72,66.9,
climate.pool_house,heat_cool,2026-03-12T07:09:11.676Z,71.3,idle,72,66.9,
climate.pool_house,heat_cool,2026-03-12T07:12:11.694Z,71.5,idle,72,66.9,
climate.pool_house,heat_cool,2026-03-12T07:15:11.699Z,71.7,idle,72,66.9,
climate.pool_house,heat_cool,2026-03-12T07:18:11.723Z,72,idle,72,66.9,
climate.pool_house,heat_cool,2026-03-12T07:21:12.083Z,72.3,cooling,72,66.9,
climate.pool_house,heat_cool,2026-03-12T07:24:11.735Z,72.2,cooling,72,66.9,
climate.pool_house,heat_cool,2026-03-12T07:27:11.715Z,72.1,idle,72,66.9,
climate.pool_house,heat_cool,2026-03-12T07:30:11.742Z,71.8,idle,72,66.9,
climate.pool_house,heat_cool,2026-03-12T07:33:11.690Z,71.9,idle,72,66.9,
climate.pool_house,heat_cool,2026-03-12T07:36:11.679Z,72.3,cooling,72,66.9,
climate.pool_house,heat_cool,2026-03-12T07:39:11.710Z,72.2,cooling,72,66.9,
climate.pool_house,heat_cool,2026-03-12T07:45:11.738Z,72.1,idle,72,66.9,
climate.pool_house,heat_cool,2026-03-12T07:51:11.736Z,71.8,idle,72,66.9,
climate.pool_house,heat_cool,2026-03-12T07:54:11.745Z,71.8,idle,72,66.9,
climate.pool_house,heat_cool,2026-03-12T07:57:11.735Z,72,idle,72,66.9,
climate.pool_house,heat_cool,2026-03-12T08:00:11.783Z,72.4,cooling,72,66.9,
climate.pool_house,heat_cool,2026-03-12T08:03:11.720Z,72.1,cooling,72,66.9,
climate.pool_house,heat_cool,2026-03-12T08:06:11.702Z,71.6,idle,72,66.9,
climate.pool_house,heat_cool,2026-03-12T08:09:11.776Z,71.7,idle,72,66.9,
climate.pool_house,heat_cool,2026-03-12T08:12:11.771Z,71.9,idle,72,66.9,
climate.pool_house,heat_cool,2026-03-12T08:15:11.778Z,72.1,cooling,72,66.9,
climate.pool_house,heat_cool,2026-03-12T08:18:11.789Z,72.2,cooling,72,66.9,
climate.pool_house,heat_cool,2026-03-12T08:21:12.160Z,72,fan,72,66.9,
climate.pool_house,heat_cool,2026-03-12T08:24:11.718Z,71.9,idle,72,66.9,
climate.pool_house,heat_cool,2026-03-12T08:30:11.749Z,71.8,idle,72,66.9,
climate.pool_house,heat_cool,2026-03-12T08:33:11.778Z,71.9,idle,72,66.9,
climate.pool_house,heat_cool,2026-03-12T08:36:11.736Z,71.9,idle,72,66.9,
climate.pool_house,heat_cool,2026-03-12T08:39:11.792Z,72.1,cooling,72,66.9,
climate.pool_house,heat_cool,2026-03-12T08:42:11.734Z,72.1,cooling,72,66.9,
climate.pool_house,heat_cool,2026-03-12T08:45:11.810Z,71.6,idle,72,66.9,
climate.pool_house,heat_cool,2026-03-12T08:48:11.765Z,71.7,idle,72,66.9,
climate.pool_house,heat_cool,2026-03-12T08:51:11.835Z,71.8,idle,72,66.9,
climate.pool_house,heat_cool,2026-03-12T08:57:11.819Z,72.1,cooling,72,66.9,
climate.pool_house,heat_cool,2026-03-12T09:00:11.835Z,72.4,cooling,72,66.9,
climate.pool_house,heat_cool,2026-03-12T09:03:11.774Z,72.1,fan,72,66.9,
climate.pool_house,heat_cool,2026-03-12T09:06:11.785Z,71.6,idle,72,66.9,
climate.pool_house,heat_cool,2026-03-12T09:12:11.779Z,71.9,idle,72,66.9,
climate.pool_house,heat_cool,2026-03-12T09:18:11.856Z,72,idle,72,66.9,
climate.pool_house,heat_cool,2026-03-12T09:21:12.245Z,72,cooling,72,66.9,
climate.pool_house,heat_cool,2026-03-12T09:24:11.809Z,72.3,cooling,72,66.9,
climate.pool_house,heat_cool,2026-03-12T09:27:11.849Z,72.3,cooling,72,66.9,
climate.pool_house,heat_cool,2026-03-12T09:30:11.851Z,71.5,idle,72,66.9,
climate.pool_house,heat_cool,2026-03-12T09:36:11.783Z,71.7,idle,72,66.9,
climate.pool_house,heat_cool,2026-03-12T09:39:11.816Z,71.8,idle,72,66.9,
climate.pool_house,heat_cool,2026-03-12T09:42:11.840Z,72.1,cooling,72,66.9,
climate.pool_house,heat_cool,2026-03-12T09:45:11.838Z,72.2,cooling,72,66.9,
climate.pool_house,heat_cool,2026-03-12T09:48:11.846Z,71.9,idle,72,66.9,
climate.pool_house,heat_cool,2026-03-12T09:54:11.789Z,71.7,idle,72,66.9,
climate.pool_house,heat_cool,2026-03-12T09:57:11.798Z,71.8,idle,72,66.9,
climate.pool_house,heat_cool,2026-03-12T10:00:11.821Z,72,idle,72,66.9,
climate.pool_house,heat_cool,2026-03-12T10:06:11.857Z,72.5,cooling,72,66.9,
climate.pool_house,heat_cool,2026-03-12T10:09:11.841Z,72.2,cooling,72,66.9,
climate.pool_house,heat_cool,2026-03-12T10:12:11.840Z,72.1,idle,72,66.9,
climate.pool_house,heat_cool,2026-03-12T10:15:11.819Z,71.6,idle,72,66.9,
climate.pool_house,heat_cool,2026-03-12T10:24:11.809Z,71.8,idle,72,66.9,
climate.pool_house,heat_cool,2026-03-12T10:27:11.856Z,72,idle,72,66.9,
climate.pool_house,heat_cool,2026-03-12T10:30:11.896Z,72.1,cooling,72,66.9,
climate.pool_house,heat_cool,2026-03-12T10:33:11.895Z,72.5,cooling,72,66.9,
climate.pool_house,heat_cool,2026-03-12T10:36:11.892Z,72.4,cooling,72,66.9,
climate.pool_house,heat_cool,2026-03-12T10:39:11.874Z,72.2,cooling,72,66.9,
climate.pool_house,heat_cool,2026-03-12T10:42:11.866Z,72.2,idle,72,66.9,
climate.pool_house,heat_cool,2026-03-12T10:45:11.919Z,71.6,idle,72,66.9,
climate.pool_house,heat_cool,2026-03-12T10:51:11.866Z,71.8,idle,72,66.9,
climate.pool_house,heat_cool,2026-03-12T10:57:11.919Z,72,idle,72,66.9,
climate.pool_house,heat_cool,2026-03-12T11:00:11.928Z,72.5,cooling,72,66.9,
climate.pool_house,heat_cool,2026-03-12T11:03:11.859Z,72.5,cooling,72,66.9,
climate.pool_house,heat_cool,2026-03-12T11:06:11.928Z,72,fan,72,66.9,
climate.pool_house,heat_cool,2026-03-12T11:09:11.903Z,71.7,idle,72,66.9,
climate.pool_house,heat_cool,2026-03-12T11:15:11.920Z,71.8,idle,72,66.9,
climate.pool_house,heat_cool,2026-03-12T11:21:12.278Z,72.2,cooling,72,66.9,
climate.pool_house,heat_cool,2026-03-12T11:27:11.999Z,72.1,fan,72,66.9,
climate.pool_house,heat_cool,2026-03-12T11:30:12.061Z,71.4,idle,72,66.9,
climate.pool_house,heat_cool,2026-03-12T11:36:12.010Z,71.7,idle,72,66.9,
climate.pool_house,heat_cool,2026-03-12T11:39:12.028Z,71.7,idle,72,66.9,
climate.pool_house,heat_cool,2026-03-12T11:42:12.031Z,71.7,idle,72,66.9,
climate.pool_house,heat_cool,2026-03-12T11:45:12.023Z,71.9,idle,72,66.9,
climate.pool_house,heat_cool,2026-03-12T11:48:12.077Z,72.2,cooling,72,66.9,
climate.pool_house,heat_cool,2026-03-12T11:51:12.075Z,72.1,cooling,72,66.9,
climate.pool_house,heat_cool,2026-03-12T11:54:12.066Z,71.8,idle,72,66.9,
climate.pool_house,heat_cool,2026-03-12T11:57:12.007Z,71.5,idle,72,66.9,
climate.pool_house,heat_cool,2026-03-12T12:00:12.062Z,71.7,idle,71,68,
climate.pool_house,heat_cool,2026-03-12T12:03:12.014Z,71.7,cooling,71,68,
climate.pool_house,heat_cool,2026-03-12T12:06:12.038Z,71.9,cooling,71,68,
climate.pool_house,heat_cool,2026-03-12T12:09:12.083Z,71.5,cooling,71,68,
climate.pool_house,heat_cool,2026-03-12T12:12:12.049Z,71.3,cooling,71,68,
climate.pool_house,heat_cool,2026-03-12T12:15:12.083Z,70.9,fan,71,68,
climate.pool_house,heat_cool,2026-03-12T12:21:12.510Z,70.5,idle,71,68,
climate.pool_house,heat_cool,2026-03-12T12:30:12.056Z,70.8,idle,71,68,
climate.pool_house,heat_cool,2026-03-12T12:33:12.093Z,70.9,idle,71,68,
climate.pool_house,heat_cool,2026-03-12T12:36:12.070Z,71,idle,71,68,
climate.pool_house,heat_cool,2026-03-12T12:39:12.029Z,71.3,cooling,71,68,
climate.pool_house,heat_cool,2026-03-12T12:42:12.073Z,71.3,cooling,71,68,
climate.pool_house,heat_cool,2026-03-12T12:45:12.059Z,71.1,cooling,71,68,
climate.pool_house,heat_cool,2026-03-12T12:48:12.063Z,71.1,idle,71,68,
climate.pool_house,heat_cool,2026-03-12T12:51:12.087Z,70.4,idle,71,68,
climate.pool_house,heat_cool,2026-03-12T12:54:12.075Z,70.3,idle,71,68,
climate.pool_house,heat_cool,2026-03-12T12:57:12.122Z,70.5,idle,71,68,
climate.pool_house,heat_cool,2026-03-12T13:00:12.139Z,70.7,idle,71,68,
climate.pool_house,heat_cool,2026-03-12T13:03:12.135Z,70.8,idle,71,68,
climate.pool_house,heat_cool,2026-03-12T13:06:12.099Z,70.9,idle,71,68,
climate.pool_house,heat_cool,2026-03-12T13:12:12.119Z,71.1,idle,71,68,
climate.pool_house,heat_cool,2026-03-12T13:18:12.131Z,71.2,fan,71,68,
climate.pool_house,heat_cool,2026-03-12T13:21:12.140Z,71.8,cooling,71,68,
climate.pool_house,heat_cool,2026-03-12T13:24:12.488Z,71.7,cooling,71,68,
climate.pool_house,heat_cool,2026-03-12T13:27:12.144Z,71.6,cooling,71,68,
climate.pool_house,heat_cool,2026-03-12T13:30:12.139Z,71.3,cooling,71,68,
climate.pool_house,heat_cool,2026-03-12T13:33:12.101Z,70.6,idle,71,68,
climate.pool_house,heat_cool,2026-03-12T13:36:12.154Z,70.4,idle,71,68,
climate.pool_house,heat_cool,2026-03-12T13:39:12.104Z,70.5,idle,71,68,
climate.pool_house,heat_cool,2026-03-12T13:42:12.186Z,70.7,idle,71,68,
climate.pool_house,heat_cool,2026-03-12T13:45:12.130Z,70.9,idle,71,68,
climate.pool_house,heat_cool,2026-03-12T13:48:12.172Z,71,idle,71,68,
climate.pool_house,heat_cool,2026-03-12T13:51:12.164Z,71,idle,71,68,
climate.pool_house,heat_cool,2026-03-12T13:57:12.154Z,71.2,idle,71,68,
climate.pool_house,heat_cool,2026-03-12T14:00:12.158Z,71.3,idle,72.9,64,
climate.pool_house,heat_cool,2026-03-12T14:03:12.113Z,71.4,idle,72.9,64,
climate.pool_house,heat_cool,2026-03-12T14:06:12.108Z,71.5,idle,72.9,64,
climate.pool_house,heat_cool,2026-03-12T14:09:12.149Z,71.4,idle,72.9,64,
climate.pool_house,heat_cool,2026-03-12T14:12:12.189Z,71.6,idle,72.9,64,
climate.pool_house,heat_cool,2026-03-12T14:15:12.149Z,71.6,idle,72.9,64,
climate.pool_house,heat_cool,2026-03-12T14:18:12.165Z,71.6,fan,72.9,64,
climate.pool_house,heat_cool,2026-03-12T14:21:12.174Z,72.4,fan,72.9,64,
climate.pool_house,heat_cool,2026-03-12T14:24:12.201Z,72.3,fan,72.9,64,
climate.pool_house,heat_cool,2026-03-12T14:27:12.610Z,72,idle,72.9,64,
climate.pool_house,heat_cool,2026-03-12T14:30:12.225Z,71.9,idle,72.9,64,
climate.pool_house,heat_cool,2026-03-12T14:36:12.146Z,72,idle,72.9,64,
climate.pool_house,heat_cool,2026-03-12T14:39:12.163Z,71.9,idle,72.9,64,
climate.pool_house,heat_cool,2026-03-12T14:42:12.132Z,72.1,idle,72.9,64,
climate.pool_house,heat_cool,2026-03-12T14:45:12.166Z,72.3,idle,72.9,64,
climate.pool_house,heat_cool,2026-03-12T14:48:12.191Z,72.5,fan,72.9,64,
climate.pool_house,heat_cool,2026-03-12T14:51:12.146Z,72.8,fan,72.9,64,
climate.pool_house,heat_cool,2026-03-12T14:54:12.157Z,73.2,idle,72.9,64,
climate.pool_house,heat_cool,2026-03-12T15:03:12.214Z,73.1,idle,71,68,
climate.pool_house,heat_cool,2026-03-12T15:06:12.236Z,73.2,cooling,71,68,
climate.pool_house,heat_cool,2026-03-12T15:09:12.189Z,72.5,cooling,71,68,
climate.pool_house,heat_cool,2026-03-12T15:12:12.162Z,72.3,cooling,71,68,
climate.pool_house,heat_cool,2026-03-12T15:15:12.210Z,72.1,cooling,71,68,
climate.pool_house,heat_cool,2026-03-12T15:18:12.203Z,71.7,cooling,71,68,
climate.pool_house,heat_cool,2026-03-12T15:21:12.175Z,71.3,cooling,71,68,
climate.pool_house,heat_cool,2026-03-12T15:24:12.268Z,71,fan,71,68,
climate.pool_house,heat_cool,2026-03-12T15:27:12.608Z,71.3,idle,71,68,
climate.pool_house,heat_cool,2026-03-12T15:30:12.193Z,71.5,cooling,71,68,
climate.pool_house,heat_cool,2026-03-12T15:33:12.175Z,70.9,cooling,71,68,
climate.pool_house,heat_cool,2026-03-12T15:36:12.181Z,71.2,idle,71,68,
climate.pool_house,heat_cool,2026-03-12T15:39:12.187Z,71,cooling,71,68,
climate.pool_house,heat_cool,2026-03-12T15:42:12.228Z,71.2,cooling,71,68,
climate.pool_house,heat_cool,2026-03-12T15:45:12.232Z,70.8,idle,71,68,
climate.pool_house,heat_cool,2026-03-12T15:48:12.228Z,70.9,idle,71,68,
climate.pool_house,heat_cool,2026-03-12T15:51:12.272Z,71.2,cooling,71,68,
climate.pool_house,heat_cool,2026-03-12T15:54:12.228Z,70.9,idle,71,68,
climate.pool_house,heat_cool,2026-03-12T15:57:12.270Z,71.3,idle,71,68,
climate.pool_house,heat_cool,2026-03-12T16:00:12.253Z,71.5,cooling,71,68,
climate.pool_house,heat_cool,2026-03-12T16:03:12.268Z,71.7,cooling,71,68,
climate.pool_house,heat_cool,2026-03-12T16:06:12.226Z,71.4,cooling,71,68,
climate.pool_house,heat_cool,2026-03-12T16:09:12.259Z,71.3,cooling,71,68,
climate.pool_house,heat_cool,2026-03-12T16:12:12.277Z,71.3,cooling,71,68,
climate.pool_house,heat_cool,2026-03-12T16:16:26.325Z,71.3,cooling,71,68,
climate.pool_house,heat_cool,2026-03-12T16:19:59.239Z,71.2,cooling,71,68,
climate.pool_house,heat_cool,2026-03-12T16:22:59.550Z,71.3,cooling,71,68,
climate.pool_house,heat_cool,2026-03-12T16:27:18.277Z,71.3,cooling,71,68,
climate.pool_house,heat_cool,2026-03-12T16:30:18.621Z,71.2,cooling,71,68,
climate.pool_house,heat_cool,2026-03-12T16:33:30.685Z,71.5,cooling,71,68,
climate.pool_house,heat_cool,2026-03-12T16:37:30.689Z,71.1,cooling,71,68,
climate.pool_house,heat_cool,2026-03-12T16:39:31.008Z,71.4,idle,71,68,
climate.pool_house,heat_cool,2026-03-12T16:42:30.979Z,71.8,cooling,71,68,
climate.pool_house,heat_cool,2026-03-12T16:45:30.998Z,71.9,cooling,71,68,
climate.pool_house,heat_cool,2026-03-12T16:48:30.985Z,71.3,cooling,71,68,
climate.pool_house,heat_cool,2026-03-12T16:57:31.009Z,72,cooling,71,68,
climate.pool_house,heat_cool,2026-03-12T17:00:31.026Z,72.4,cooling,71,68,
climate.pool_house,heat_cool,2026-03-12T17:03:30.998Z,71.5,cooling,71,68,
climate.pool_house,heat_cool,2026-03-12T17:06:31.054Z,71.8,cooling,71,68,
climate.pool_house,heat_cool,2026-03-12T17:09:31.023Z,71.3,cooling,71,68,
climate.pool_house,heat_cool,2026-03-12T17:12:31.009Z,71.3,idle,71,68,
climate.pool_house,heat_cool,2026-03-12T17:15:31.003Z,71.7,idle,71,68,
climate.pool_house,heat_cool,2026-03-12T17:18:31.016Z,72.2,cooling,71,68,
climate.pool_house,heat_cool,2026-03-12T17:21:31.054Z,72.1,cooling,71,68,
climate.pool_house,heat_cool,2026-03-12T17:24:31.017Z,72,cooling,71,68,
climate.pool_house,heat_cool,2026-03-12T17:27:31.022Z,72.3,cooling,71,68,
climate.pool_house,heat_cool,2026-03-12T17:30:31.039Z,71.8,cooling,71,68,
climate.pool_house,heat_cool,2026-03-12T17:33:31.459Z,72.6,cooling,71,68,
climate.pool_house,heat_cool,2026-03-12T17:36:31.027Z,72.2,cooling,71,68,
climate.pool_house,heat_cool,2026-03-12T17:39:31.034Z,72.3,cooling,71,68,
climate.pool_house,heat_cool,2026-03-12T17:42:31.086Z,72.1,cooling,71,68,
climate.pool_house,heat_cool,2026-03-12T17:45:31.063Z,72.3,cooling,71,68,
climate.pool_house,heat_cool,2026-03-12T17:48:31.033Z,72.1,cooling,71,68,
climate.pool_house,heat_cool,2026-03-12T17:51:31.057Z,71.5,cooling,71,68,
climate.pool_house,heat_cool,2026-03-12T17:54:31.010Z,71.3,cooling,71,68,
climate.pool_house,heat_cool,2026-03-12T17:57:31.053Z,71.3,idle,71,68,
climate.pool_house,heat_cool,2026-03-12T18:00:31.037Z,71.6,idle,71,68,
climate.pool_house,heat_cool,2026-03-12T18:06:30.987Z,71.5,cooling,71,68,
climate.pool_house,heat_cool,2026-03-12T18:09:31.026Z,71.4,cooling,71,68,
climate.pool_house,heat_cool,2026-03-12T18:12:31.041Z,71.3,cooling,71,68,
climate.pool_house,heat_cool,2026-03-12T18:15:31.079Z,71.2,cooling,71,68,
climate.pool_house,heat_cool,2026-03-12T18:18:31.081Z,71.2,idle,71,68,
climate.pool_house,heat_cool,2026-03-12T18:21:31.088Z,72.2,cooling,71,68,
climate.pool_house,heat_cool,2026-03-12T18:24:31.043Z,71.9,cooling,71,68,
climate.pool_house,heat_cool,2026-03-12T18:27:31.079Z,71.8,cooling,71,68,
climate.pool_house,heat_cool,2026-03-12T18:30:31.078Z,71.6,cooling,71,68,
climate.pool_house,heat_cool,2026-03-12T18:33:31.072Z,71.4,cooling,71,68,
climate.pool_house,heat_cool,2026-03-12T18:36:31.547Z,71.2,idle,71,68,
climate.pool_house,heat_cool,2026-03-12T18:39:31.025Z,71.5,idle,71,68,
climate.pool_house,heat_cool,2026-03-12T18:42:31.112Z,71.7,cooling,71,68,
climate.pool_house,heat_cool,2026-03-12T18:45:44.235Z,71.7,cooling,71,68,
climate.pool_house,heat_cool,2026-03-12T18:51:36.079Z,71.7,cooling,71,68,
climate.pool_house,heat_cool,2026-03-12T18:57:31.105Z,71.6,cooling,71,68,
climate.pool_house,heat_cool,2026-03-12T19:00:31.148Z,71.5,cooling,71,68,
climate.pool_house,heat_cool,2026-03-12T19:03:31.110Z,71.4,cooling,71,68,
climate.pool_house,heat_cool,2026-03-12T19:09:31.150Z,71.5,cooling,71,68,
climate.pool_house,heat_cool,2026-03-12T19:12:31.104Z,71.4,cooling,71,68,
climate.pool_house,heat_cool,2026-03-12T19:18:31.161Z,71.3,fan,71,68,
climate.pool_house,heat_cool,2026-03-12T19:21:31.114Z,71.8,idle,71,68,
climate.pool_house,heat_cool,2026-03-12T19:24:31.134Z,71.6,idle,71,68,
climate.pool_house,heat_cool,2026-03-12T19:27:31.116Z,71.8,cooling,71,68,
